Soil Type / Series,Taxonomic Classification,Physical & Chemical Characteristics,Locations (Taluks / Regions),Agricultural Suitability and Productivity
Red Calcareous Soil,Alfisols and Inceptisols.,"This soil is the most widespread in the district, covering approximately 60% of the geographical area.","Major concentrations are found in Palladam, Coimbatore, Mettupalayam, Pollachi, and Udumalpet taluks.",Deep red calcareous variants in Pollachi and Udumalpet are highly suitable for intensive coconut plantation systems.
Black Soil (Pilamedu Series),Vertisols (Typic Chromustert / Haplustert).,"These are clay to clay loam soils with high shrink-swell properties that form wide cracks when dry, and have high water-holding capacity.","Mainly occupies the highlands of the Coimbatore, Palladam, and Avinashi taluks.","They possess ideal moisture-retention properties for cotton cultivation, though slow infiltration can sometimes cause waterlogging."
Alluvial Soil,Entisols and Inceptisols.,"These soils feature deep, fertile loamy profiles that often exceed 30 meters in thickness.",Confined to small patches along the Noyyal River and the Siruvani valley.,"They are highly fertile and support continuous, intensive crop production."
Colluvial Soil,Entisols.,"Composed predominantly of sand and gravel beds, or silt and kankar with admixtures of sand.","Found primarily in the Chinnathadagam and Chitrachavadi sub-basins, and as scattered patches at the foothills of the Anaimalai range.",Supports various cultivated crops and allows for groundwater development through shallow dug wells.
Forest Soil,Ultisols and Inceptisols.,These soils possess a distinct surface layer rich in decomposing organic matter.,Confined strictly to the reserve forest areas of the Western Ghats and the Valparai hilly area.,"Rich in organic content, making them highly suitable for plantation crops like tea, coffee, and spices."
Irugur Series,Inceptisols (Typic Ustropept).,"Moderately shallow, well-drained, reddish-brown sandy loam soils with high bulk density and low water-holding capacity.","It is the single largest soil series, occupying 2,15,405 hectares across the district.",Categorized as having poor agricultural productivity and is prone to dense subsoil hard pan formation.
Palathurai Series,Inceptisols.,"Moderately deep to deep, dark brown to dark reddish-brown sandy clay loam that is alkaline and highly calcareous.",Occurs generally on very gentle slopes across the district plains.,"Categorized as having average productivity, but is well-suited for cultivating maize, groundnut, and pulses under irrigated conditions."
Somayanur Series,Inceptisols.,"Very deep, calcareous, sandy clay loam to loamy sand soils with a moderate cation exchange capacity.",Distributed on gentle slopes and urban zones in the district.,Exhibits good productivity and is highly responsive to organic amendments like vermicompost and humic acid to improve nutrient retention.
Anamalai Series,Alfisols / Inceptisols.,"Deep, fertile soils that benefit from surrounding geographical features.","Located heavily around the Anamalais region, representing over 20% of the coconut land cover in the study area.",Exhibits good yield potential and is one of the most productive soil series for extensive coconut farming.
Palladam Series,Alfisols / Inceptisols.,"Red soils that frequently develop a dense, compacted subsoil hard pan at a depth of 15-20 cm due to clay and calcium carbonate accumulation.","Found extensively across the district, occupying roughly 1,22,965 hectares.","Classified under poor productivity due to compaction, requiring physical interventions like chiseling to support deep-rooted crops."